strategy,top_k,mean_affected_job_minutes_total,std_affected_job_minutes_total,mean_percent_saved_total,std_percent_saved_total,mean_affected_job_minutes_developer_window,mean_percent_saved_developer_window,std_percent_saved_developer_window,mean_affected_jobs_developer_window,mean_p95_wait_seconds_developer_window
oracle_impact_upper_bound,10,1473.8951532910046,108.43466595326682,39.84256246168523,1.9832583749202886,431.4541019983467,54.99523597815422,2.1938373553145474,629.55,0.0
peak_concurrency,10,1643.0693887048797,101.58411102181098,32.87451455353382,2.646225740466404,779.7231435292756,18.642405851638138,2.8679814050543935,944.45,36.94777173357065
hybrid_count_concurrency_a0.5,10,1635.2543027812058,103.56588223819755,33.18404333671955,2.9797704721420946,782.0838182552299,18.388106555112383,2.9005615922461185,950.5,37.00380530374091
count,10,1623.5849607224834,103.27176443675573,33.657488572245754,3.0306782169389788,782.6672703666587,18.347593413340153,3.434268576458593,956.5,36.3687869732383
recent_count,10,1629.6329526832815,102.78729515408973,33.40712753552113,3.0555302436319556,789.3269208011764,17.574090981201483,3.348673728589731,960.3,36.83424894618092
dev_weighted_count,10,1631.980553820328,108.25374882089346,33.310009956156506,3.4024791547333413,794.2042111118874,17.112875583385193,3.1368930642629067,966.05,37.10074619917266
