policy,affected_jobs_developer_window_mean,affected_job_minutes_developer_window_mean,affected_job_minutes_developer_window_std,developer_window_minutes_avoided_vs_no_prewarm_mean,mean_minutes_saved_pct_vs_no_prewarm,p95_wait_seconds_developer_window_mean,p99_wait_seconds_developer_window_mean
no_prewarming,1271.05,1085.9999999985298,104.8663810187418,0.0,0.0,31.919999999999998,68.385
prewarm_top10_by_usage,1075.45,914.201499999245,114.04262050989577,171.79849999928481,15.819383057045796,8.025,64.01059999999998
prewarm_top30_by_usage,0.0,0.0,0.0,1085.9999999985298,100.0,0.0,0.0
prewarm_top10_by_observed_impact,843.2,548.7505833324592,47.171011821083404,537.2494166660706,49.47048035605874,0.0,45.575
spegel_only_40pct_faster_pulls,1267.75,650.567599999539,62.71524168759752,435.4323999989907,40.095064456683275,19.146,41.031
spegel_plus_top10_prewarm,1073.3,547.8034166661183,68.25731326929312,538.1965833324115,49.55769643951566,4.8149999999999995,38.406359999999985
