job,sequential_cold_hit_probability,burst_cold_hit_probability
1,100.0,100.0
5,92.23681599999999,100.0
10,83.37477621301498,100.0
15,75.36419414749017,100.0
20,68.1232624239892,100.0
25,61.57803365090783,100.0
30,55.66166524310581,100.0
35,50.31373679776306,100.0
40,45.47963305621946,100.0
45,41.10998615034951,100.0
50,37.160171437460896,100.0
